{"cameraMode":{"drawMode":0,"name":"Shaded","section":"Shading Mode"},"sceneLighting":true,"audioPlay":false,"sceneViewState":{"m_AlwaysRefresh":false,"showFog":true,"showSkybox":true,"showFlares":true,"showImageEffects":true,"showParticleSystems":true,"showVisualEffectGraphs":true,"m_FxEnabled":true},"in2DMode":false,"pivot":{"x":0.10832834243774414,"y":0.8442842960357666,"z":-1.4244942665100098},"rotation":{"x":0.06848397105932236,"y":0.8878538608551025,"z":-0.14046625792980195,"w":0.43293502926826479},"size":3.3099265098571779,"orthographic":false}