{"cameraMode":{"drawMode":0,"name":"Shaded","section":"Shading Mode"},"sceneLighting":false,"audioPlay":false,"sceneViewState":{"m_AlwaysRefresh":false,"showFog":true,"showSkybox":false,"showFlares":true,"showImageEffects":true,"showParticleSystems":true,"showVisualEffectGraphs":true,"m_FxEnabled":true},"in2DMode":false,"pivot":{"x":-1.246269702911377,"y":-820.0426635742188,"z":2254.045654296875},"rotation":{"x":0.0010284015443176032,"y":0.9800398349761963,"z":-0.1990760713815689,"w":0.005093810614198446},"size":2.0552167892456056,"orthographic":false}